{"cameraMode":{"drawMode":0,"name":"Shaded","section":"Shading Mode"},"sceneLighting":true,"audioPlay":false,"sceneViewState":{"m_AlwaysRefresh":false,"showFog":true,"showSkybox":true,"showFlares":true,"showImageEffects":true,"showParticleSystems":true,"showVisualEffectGraphs":true,"m_FxEnabled":true},"in2DMode":false,"pivot":{"x":-2.2850565910339357,"y":1.96542489528656,"z":-7.310192584991455},"rotation":{"x":0.019673414528369905,"y":-0.6358582377433777,"z":0.016218816861510278,"w":0.7713690996170044},"size":3.5437564849853517,"orthographic":true}